{
	"credit": "Made with Blockbench",
	"textures": {
		"1": "skin",
		"particle": "744b091f376d749a"
	},
	"elements": [
		{
			"name": "body",
			"from": [-9, -16, -7],
			"to": [20, 32, 21],
			"faces": {
				"north": {"uv": [5, 5, 7, 7.98], "texture": "#1"},
				"east": {"uv": [4, 5, 5, 8], "texture": "#1"},
				"south": {"uv": [8, 5, 10, 8], "texture": "#1"},
				"west": {"uv": [7, 5, 8, 7.98], "texture": "#1"},
				"up": {"uv": [7, 5, 5, 4], "texture": "#1"},
				"down": {"uv": [9, 4, 7, 5], "texture": "#1"}
			}
		}
	],
	"display": {
		"thirdperson_righthand": {
			"scale": [4, 1, 1]
		},
		"head": {
			"translation": [7.5, 53.75, 0],
			"scale": [4, 4, 4]
		}
	},
	"groups": [
		{
			"name": "steve",
			"origin": [8, 8, 8],
			"color": 0,
			"nbt": "{}",
			"armAnimationEnabled": false,
			"children": [0]
		}
	]
}