{
	"credit": "Made with Blockbench",
	"textures": {
		"1": "skin",
		"particle": "744b091f376d749a"
	},
	"elements": [
		{
			"name": "head",
			"from": [-12, -15.5, -15],
			"to": [28, 24.5, 25],
			"faces": {
				"north": {"uv": [2, 2, 4, 4], "texture": "#1"},
				"east": {"uv": [0, 2, 2, 4], "texture": "#1"},
				"south": {"uv": [6, 2, 8, 4], "texture": "#1"},
				"west": {"uv": [4, 2, 6, 4], "texture": "#1"},
				"up": {"uv": [4, 2, 2, 0], "texture": "#1"},
				"down": {"uv": [6, 0, 4, 2], "texture": "#1"}
			}
		}
	],
	"display": {
		"thirdperson_righthand": {
			"rotation": [90, 0, 0],
			"translation": [-7.5, 0, 80],
			"scale": [4, 4, 4]
		},
		"head": {
			"translation": [-0.5, 8.5, 0],
			"scale": [3, 3, 3]
		}
	},
	"groups": [
		{
			"name": "steve",
			"origin": [8, 8, 8],
			"color": 0,
			"nbt": "{}",
			"armAnimationEnabled": false,
			"children": [0]
		}
	]
}