{
    "providers": [
        {
            "type":"space",
            "advances":{
                " ":4,
                "\u500c": 0,
                "\u5001": 5,
                "\u5002": 10,
                "\u5003": 15,
                "\u5004": 20,
                "\u5005": 25,
                "\u5006": 30,
                "\u5007": 35,
                "\u5008": 40,
                "\u5009": 45,
                "\u5010": -10,
                "\u5011": -15,
                "\u5012": -20,
                "\u5013": -25,
                "\u5014": -30,
                "\u5015": -35,
                "\u5016": -40,
                "\u5017": -150

            }
        },
        {
            "type": "bitmap",
            "file": "minecraft:font/black.png",
            "ascent": 200,
            "height": 500,
            "chars": [
                "\uE001"
            ]
        }
    ]
}