{
	"credit": "Made with Blockbench",
	"textures": {
		"1": "skin",
		"particle": "744b091f376d749a"
	},
	"elements": [
		{
			"name": "left_arm",
			"from": [0, -16, 6],
			"to": [21, 32, 27],
			"faces": {
				"north": {"uv": [9, 13, 10, 16], "texture": "#1"},
				"east": {"uv": [8, 13, 9, 16], "texture": "#1"},
				"south": {"uv": [11, 13, 12, 16], "texture": "#1"},
				"west": {"uv": [10, 13, 11, 16], "texture": "#1"},
				"up": {"uv": [10, 13, 9, 12], "texture": "#1"},
				"down": {"uv": [11, 12, 10, 13], "texture": "#1"}
			}
		}
	],
	"display": {
		"head": {
			"translation": [0, 54, 0],
			"scale": [4, 4, 4]
		}
	},
	"groups": [
		{
			"name": "steve",
			"origin": [8, 8, 8],
			"color": 0,
			"nbt": "{}",
			"armAnimationEnabled": false,
			"children": [0]
		}
	]
}