{
	"credit": "Made with Blockbench",
	"textures": {
		"1": "skin",
		"particle": "744b091f376d749a"
	},
	"elements": [
		{
			"name": "right_leg",
			"from": [0, -16, 3],
			"to": [15, 32, 16],
			"faces": {
				"north": {"uv": [5, 13, 6, 16], "texture": "#1"},
				"east": {"uv": [0, 5, 1, 8], "texture": "#1"},
				"south": {"uv": [3, 5, 4, 8], "texture": "#1"},
				"west": {"uv": [2, 5, 3, 8], "texture": "#1"},
				"up": {"uv": [2, 5, 1, 4], "texture": "#1"},
				"down": {"uv": [3, 4, 2, 5], "texture": "#1"}
			}
		}
	],
	"display": {
		"head": {
			"translation": [0, 58.75, 0],
			"scale": [4, 4, 4]
		}
	},
	"groups": [
		{
			"name": "steve",
			"origin": [8, 8, 8],
			"color": 0,
			"nbt": "{}",
			"armAnimationEnabled": false,
			"children": [0]
		}
	]
}