{
  "parent": "minecraft:item/handheld",
  "textures": {
    "layer0": "minecraft:item/stone_axe"
  },
  "overrides": [
    {"predicate": {"custom_model_data": 0}, "model": "minecraft:item/stone_axe"},
    {"predicate": {"custom_model_data": 1}, "model": "minecraft:item/arm"},
    {"predicate": {"custom_model_data": 2}, "model": "minecraft:item/body"},
    {"predicate": {"custom_model_data": 3}, "model": "minecraft:item/legs"},
    {"predicate": {"custom_model_data": 4}, "model": "minecraft:item/head"},
    {"predicate": {"custom_model_data": 5}, "model": "minecraft:item/legs2"},
    {"predicate": {"custom_model_data": 6}, "model": "minecraft:item/head2"}
  ]
}